seller_index,title,description,part_category,make,model,generation,year_from,year_to,fuel_type,engine_size,side,position,oem_number,condition,condition_notes,price,image_url,donor_year,compatible_vehicles,safety_warnings,trust_score,listing_score
0,Ford Fiesta Mk7 Left Headlight Assembly 2013-2017,"Used left-side headlight assembly removed from a 2015 Ford Fiesta Mk7. Lens intact, tabs present, tested before removal.",headlight,Ford,Fiesta,Mk7,2013,2017,Any,Any,left,front,8A61-13W030,Good,"Minor surface marks only.",45,https://commons.wikimedia.org/wiki/Special:FilePath/Ford_Fiesta_MK6_144349.jpg?width=640,2015,Ford Fiesta 2013-2017,Confirm connector type before purchase|Check facelift/non-facelift variant,0.84,0.82
0,Ford Fiesta Mk7 Right Tail Light 2013-2017,"Right rear light unit for Fiesta Mk7 facelift. Clean lens and complete bulb holder.",rear light,Ford,Fiesta,Mk7,2013,2017,Any,Any,right,rear,8A61-13404,Good,"Small storage mark on outer edge.",32,https://commons.wikimedia.org/wiki/Special:FilePath/Automobile_tail_light.jpg?width=640,2016,Ford Fiesta 2013-2017,Confirm body style before purchase,0.82,0.78
1,Ford Focus Mk3 Front Bumper 2011-2014,"Used front bumper from a 2013 Ford Focus Mk3. No cracks. All mounting tabs intact. Needs paint.",bumper,Ford,Focus,Mk3,2011,2014,Any,Any,front,front,,Fair,"Scuff on lower lip. Will need respray.",30,https://commons.wikimedia.org/wiki/Special:FilePath/Front_bumper_oldtimer_car.jpg?width=640,2013,Ford Focus 2011-2014,,0.62,0.70
1,Ford Focus Mk3 Bonnet 2011-2018,"Straight bonnet removed from a Focus Mk3 hatchback. Hinges not included.",bonnet,Ford,Focus,Mk3,2011,2018,Any,Any,,front,BM51-A16610,Good,"Stone chips to leading edge.",75,https://commons.wikimedia.org/wiki/Special:FilePath/Car_hood_open.jpg?width=640,2014,Ford Focus 2011-2018,Paint colour must be matched,0.68,0.72
0,VW Golf Mk7 GTI Front Left Brake Caliper 2013-2019,"Used front left brake caliper removed from a 2017 VW Golf Mk7 GTI 2.0 TSI. Piston moves freely.",caliper,Volkswagen,Golf,Mk7,2013,2019,Any,Any,left,front,1K0615423N,Good,"Light surface rust on bracket only.",55,https://commons.wikimedia.org/wiki/Special:FilePath/Brake_calipers.jpg?width=640,2017,VW Golf Mk6 2008-2012|VW Golf Mk7 2013-2019|Audi A3 8V 2012-2020|Seat Leon Mk3 2012-2020,Safety-critical part - professional inspection required before fitting,0.86,0.88
0,VW Golf Mk7 Rear Brake Disc Pair 2013-2019,"Pair of rear brake discs removed from a Golf Mk7. Usable demo listing for search and trust checks.",brake disc,Volkswagen,Golf,Mk7,2013,2019,Any,Any,,rear,5Q0615601,Used,"Visible wear lip. Demo only.",22,https://commons.wikimedia.org/wiki/Special:FilePath/Disc_brake_dsc03682.jpg?width=640,2016,VW Golf Mk7 2013-2019,Safety-critical part - measure thickness before fitting,0.58,0.61
1,Volkswagen Polo 6R Left Wing Mirror 2009-2017,"Electric left wing mirror for VW Polo 6R. Black cap, plug included.",wing mirror,Volkswagen,Polo,6R,2009,2017,Any,Any,left,front,6R1857507,Good,"Cap has light scratches.",38,https://commons.wikimedia.org/wiki/Special:FilePath/Car_side_mirror.jpg?width=640,2014,Volkswagen Polo 2009-2017,Confirm plug pin count,0.75,0.76
1,Vauxhall Corsa D Alternator 1.2 Petrol 2006-2014,"Used alternator removed from a 1.2 petrol Corsa D. Bench tested charging output.",alternator,Vauxhall,Corsa,D,2006,2014,Petrol,1.2L,,front,13222933,Good,"Pulley spins freely.",48,https://commons.wikimedia.org/wiki/Special:FilePath/Alternator_01.JPG?width=640,2011,Vauxhall Corsa 2006-2014,Match amperage rating before purchase,0.74,0.73
0,Vauxhall Astra J Radiator 2009-2015,"Cooling radiator for Astra J. Removed from 1.6 petrol manual car.",radiator,Vauxhall,Astra,J,2009,2015,Petrol,1.6L,,front,13241773,Good,"No visible leaks during pressure test.",42,https://commons.wikimedia.org/wiki/Special:FilePath/Car_radiator.jpg?width=640,2012,Vauxhall Astra 2009-2015,Confirm manual/automatic fitment,0.77,0.75
1,BMW 3 Series F30 Front Bumper 2012-2018,"Front bumper cover for BMW 3 Series F30. Parking sensor holes present.",bumper,BMW,3 Series,F30,2012,2018,Any,Any,front,front,51117292995,Fair,"Needs paint and lower grille.",120,"https://commons.wikimedia.org/wiki/Special:FilePath/BMW_320d_Sport_Line_(F30)_%E2%80%93_Frontansicht,_3._M%C3%A4rz_2012,_D%C3%BCsseldorf.jpg?width=640",2016,BMW 3 Series 2012-2018,Check M Sport vs SE bumper type,0.72,0.78
0,BMW 3 Series F30 Right Headlight 2012-2015,"Right halogen headlight for early F30. Used, tested, no water ingress.",headlight,BMW,3 Series,F30,2012,2015,Any,Any,right,front,63117259526,Good,"One repaired rear tab.",95,https://commons.wikimedia.org/wiki/Special:FilePath/BMW_headlight.jpg?width=640,2014,BMW 3 Series 2012-2015,Confirm halogen/xenon/LED type,0.70,0.72
1,BMW 5 Series F10 Starter Motor 2010-2017,"Starter motor for BMW 5 Series F10 diesel. Removed from running vehicle.",starter,BMW,5 Series,F10,2010,2017,Diesel,2.0L,,front,12418509123,Good,"Bench tested.",65,https://commons.wikimedia.org/wiki/Special:FilePath/Starter_motor.jpg?width=640,2013,BMW 5 Series 2010-2017,Match engine code before purchase,0.73,0.71
0,Nissan Qashqai J10 Rear Bumper 2007-2013,"Rear bumper cover for Qashqai J10. Grey primer finish.",bumper,Nissan,Qashqai,J10,2007,2013,Any,Any,rear,rear,85022JD00H,Fair,"Scratches on corner.",60,https://commons.wikimedia.org/wiki/Special:FilePath/Rear_bumper.jpg?width=640,2011,Nissan Qashqai 2007-2013,Check parking sensor holes,0.66,0.68
1,Nissan Qashqai J11 Passenger Door 2014-2019,"Front passenger door shell for Qashqai J11. Glass and regulator included.",door,Nissan,Qashqai,J11,2014,2019,Any,Any,left,front,H01014EA0A,Good,"Small dent below handle.",95,https://commons.wikimedia.org/wiki/Special:FilePath/Car_door.jpg?width=640,2016,Nissan Qashqai 2014-2019,Paint colour must be matched,0.69,0.70
0,Toyota Yaris Left Wing Mirror 2012-2018,"Left electric wing mirror for Toyota Yaris. Indicator lens included.",wing mirror,Toyota,Yaris,XP130,2012,2018,Any,Any,left,front,879400D580,Good,"Black textured cap.",36,https://commons.wikimedia.org/wiki/Special:FilePath/Car_side_mirror.jpg?width=640,2015,Toyota Yaris 2012-2018,Confirm heated vs non-heated mirror,0.78,0.80
1,Toyota Yaris Hybrid Battery Cooling Fan 2012-2018,"Hybrid battery cooling fan assembly from a Yaris Hybrid.",battery,Toyota,Yaris,XP130,2012,2018,Hybrid,Any,,rear,G92300D010,Good,"Clean fan blades.",58,https://commons.wikimedia.org/wiki/Special:FilePath/Automotive_battery.jpg?width=640,2016,Toyota Yaris Hybrid 2012-2018,Hybrid component - qualified fitting recommended,0.76,0.74
0,Audi A3 8V Front Left Suspension Arm 2012-2020,"Front left lower suspension arm for Audi A3 8V platform.",suspension arm,Audi,A3,8V,2012,2020,Any,Any,left,front,5Q0407151,Good,"Bushes appear serviceable.",40,https://commons.wikimedia.org/wiki/Special:FilePath/Control_arm.jpg?width=640,2015,Audi A3 8V 2012-2020|VW Golf Mk7 2013-2019|Seat Leon Mk3 2012-2020,Safety-critical part - professional inspection required,0.80,0.77
0,Audi A4 B8 Rear Light Left 2008-2015,"Left rear light unit for Audi A4 B8 saloon.",rear light,Audi,A4,B8,2008,2015,Any,Any,left,rear,8K5945095,Good,"Clean lens.",50,https://commons.wikimedia.org/wiki/Special:FilePath/Automobile_tail_light.jpg?width=640,2011,Audi A4 2008-2015,Confirm saloon/avant body type,0.79,0.76
1,MINI Hatch R56 Front Seat 2007-2013,"Driver front seat for MINI Hatch R56. Cloth trim, manual adjustment.",seat,MINI,Hatch,R56,2007,2013,Any,Any,right,front,52102754662,Fair,"Wear on bolster.",70,https://commons.wikimedia.org/wiki/Special:FilePath/Car_seat.jpg?width=640,2010,MINI Hatch 2007-2013,Airbag connector must match,0.63,0.66
0,Mercedes-Benz C-Class W204 Radiator Fan 2007-2014,"Radiator cooling fan assembly for Mercedes C-Class W204.",radiator fan,Mercedes-Benz,C-Class,W204,2007,2014,Any,Any,,front,A2045000293,Good,"Tested fan motor.",85,https://commons.wikimedia.org/wiki/Special:FilePath/Radiator_fan.jpg?width=640,2012,Mercedes-Benz C-Class 2007-2014,Match control module plug,0.74,0.72
1,Seat Ibiza 6J Front Right Door 2008-2017,"Right front door shell for Seat Ibiza 6J. Red paint.",door,Seat,Ibiza,6J,2008,2017,Any,Any,right,front,6J4831052,Good,"No glass included.",80,https://commons.wikimedia.org/wiki/Special:FilePath/Car_door.jpg?width=640,2013,Seat Ibiza 2008-2017,Paint colour must be matched,0.70,0.71
0,Skoda Octavia Mk3 Infotainment Screen 2013-2019,"Centre infotainment display for Skoda Octavia Mk3.",infotainment screen,Skoda,Octavia,Mk3,2013,2019,Any,Any,,dashboard,5E0919605,Good,"Screen has light marks.",90,https://commons.wikimedia.org/wiki/Special:FilePath/Car_navigation_system.jpg?width=640,2016,Skoda Octavia 2013-2019,May require coding to vehicle,0.77,0.79
1,Hyundai i20 Starter Motor 2009-2014,"Starter motor for Hyundai i20 petrol models.",starter,Hyundai,i20,PB,2009,2014,Petrol,1.2L,,front,3610003150,Good,"Bench tested.",45,https://commons.wikimedia.org/wiki/Special:FilePath/Starter_motor.jpg?width=640,2012,Hyundai i20 2009-2014,Match engine size before purchase,0.71,0.70
0,Kia Ceed Alloy Wheel 16 Inch 2012-2018,"Single 16 inch alloy wheel for Kia Ceed. No tyre included.",wheel,Kia,Ceed,JD,2012,2018,Any,Any,,front,52910A2200,Fair,"Kerb marks around rim.",55,https://commons.wikimedia.org/wiki/Special:FilePath/Alloy_wheel.jpg?width=640,2015,Kia Ceed 2012-2018,Check wheel size and offset,0.67,0.69
2,Unknown Car Headlight - Spares or Repair,"Headlight from an old car. Seller unsure of exact model. Sold as spares.",headlight,,,,,,Any,Any,,front,,Unknown,"Sold as seen.",10,https://commons.wikimedia.org/wiki/Special:FilePath/Close-up_of_damaged_headlight_and_grill_on_automobile.jpg?width=640,,,"Compatibility unverified - confirm with seller before purchase",0.28,0.22
